Timestamp,Username,Action,Target File
2025-08-06 23:44:54,admin,upload,carbon_data.csv
2025-08-06 23:45:26,admin,upload,carbon_data.csv
2025-08-06 23:45:26,admin,upload,offset_data.csv
2025-08-06 23:56:21,admin,upload,carbon_data.csv
2025-08-06 23:56:44,admin,upload,carbon_data_1000_rows.csv
2025-08-06 23:58:32,admin,upload,carbon_data_1000_rows.csv
2025-08-07 00:00:30,admin,upload,carbon_data_1000_rows.csv
2025-08-07 00:00:37,admin,upload,carbon_data_1000_rows.csv
2025-08-07 00:00:37,admin,upload,offset_data.csv
2025-08-07 00:02:25,admin,upload,carbon_data_1000_rows.csv
2025-08-07 00:02:25,admin,upload,offset_data.csv
2025-08-07 00:12:37,admin,upload,carbon_data_1000_rows.csv
2025-08-07 00:13:56,admin,upload,data_offsets_500_rows.csv
2025-08-07 00:15:49,admin,upload,data_offsets_500_rows.csv
